Response_ID,Q1,Q2,Q3,Q4,Q5,Q6,Q7,Q8,Q9,Q10,Q11,Q12,Q13,Q14,Q15,Q16,Q17,Q18,Q19,Q20,Q21,Q22,Q23,Q24,Q25,Q26,Q27,Q28,D_Age,D_Tenure,D_Desig,D_Dept,D_Loc,D_BizDiv,D_Gender
1,4,3,3,2,3,2,4,1,5,5,5,2,3,5,4,5,2,5,2,2,3,3,2,4,3,2,4,1,30-39 Yrs,10+ Yrs,Senior Management,IT SERVICES,Chennai,TRANSFORMER DIVISION,Male
2,2,1,5,2,4,1,1,1,4,4,2,3,4,4,2,3,3,1,4,1,1,2,3,2,1,1,1,1,30-39 Yrs,10+ Yrs,Executive,FINANACE,Chennai,TRANSFORMER DIVISION,Male
3,4,4,4,4,4,3,2,3,5,5,4,5,4,5,4,4,4,4,4,3,4,4,3,4,4,4,4,4,30-39 Yrs,10+ Yrs,Executive,QUALITY ASSURANCE,Chennai,TRANSFORMER DIVISION,Male
4,4,4,5,5,5,4,3,4,5,5,5,5,5,5,5,4,4,5,4,4,4,5,5,4,4,4,4,5,30-39 Yrs,6-10 Yrs,Senior Manager,MARKETING,Chennai,TRANSFORMER DIVISION,Male
5,1,1,1,3,3,1,1,1,4,3,2,1,1,4,1,1,1,1,1,1,3,2,1,1,1,1,1,3,30-39 Yrs,1-3 Yrs,Senior Manager,MARKETING,Chennai,TRANSFORMER DIVISION,Male
6,5,5,5,5,4,5,4,4,5,5,5,5,5,5,5,5,5,5,5,4,5,5,5,3,5,5,5,5,30-39 Yrs,10+ Yrs,Manager,MARKETING,Chennai,TRANSFORMER DIVISION,Male
7,3,3,4,3,3,1,1,2,3,1,2,1,2,2,2,2,2,2,2,2,3,3,3,2,1,1,1,1,30-39 Yrs,10+ Yrs,Executive,PRODUCTION,Chennai,TRANSFORMER DIVISION,Male
8,5,4,2,3,4,4,4,3,4,4,4,4,4,3,4,5,5,4,4,4,2,4,2,4,4,2,4,5,40-49 Yrs,0-1 Yrs,Senior Manager,HR & ADMIN,Bangalore,TRANSFORMER DIVISION,Male
9,4,4,4,2,4,2,2,2,4,4,4,4,2,5,4,4,4,4,4,2,3,4,2,4,4,2,2,4,30-39 Yrs,10+ Yrs,Senior Management,IT SERVICES,Chennai,TRANSFORMER DIVISION,Male
10,4,4,4,4,5,3,4,3,4,4,4,5,5,5,4,4,4,4,3,4,2,3,3,4,4,4,4,1,30-39 Yrs,0-1 Yrs,Trainee,MARKETING,Chennai,TRANSFORMER DIVISION,Male
11,4,4,4,3,4,2,2,4,5,5,5,4,4,4,4,4,4,4,4,3,4,4,4,5,4,4,3,4,30-39 Yrs,1-3 Yrs,Senior Manager,FINANACE,Chennai,TRANSFORMER DIVISION,Male
12,3,4,3,4,4,3,2,1,4,4,4,4,4,4,4,4,3,4,3,4,4,4,3,3,4,3,4,4,30-39 Yrs,6-10 Yrs,Manager,FINANACE,Chennai,TRANSFORMER DIVISION,Male
13,3,3,4,1,4,1,2,2,3,3,2,3,3,3,2,3,4,3,4,3,3,3,4,3,1,2,3,3,30-39 Yrs,1-3 Yrs,Senior Manager,QUALITY ASSURANCE,Chennai,TRANSFORMER DIVISION,Male
14,3,3,4,2,4,2,3,2,5,4,4,4,4,5,4,4,4,3,3,2,2,4,2,3,4,4,3,5,30-39 Yrs,0-1 Yrs,Executive,FINANACE,Chennai,TRANSFORMER DIVISION,Male
15,5,5,5,5,5,4,4,4,5,5,4,5,5,5,5,5,5,5,4,5,4,4,4,5,4,4,4,5,30-39 Yrs,0-1 Yrs,Senior Manager,IT SERVICES,Chennai,TRANSFORMER DIVISION,Male
16,5,4,4,4,5,4,4,4,5,4,4,4,4,5,4,4,4,3,4,4,4,4,5,4,4,4,4,5,30-39 Yrs,0-1 Yrs,Trainee,HR & ADMIN,Chennai,TRANSFORMER DIVISION,Male
17,4,4,4,3,4,3,3,3,4,4,4,4,4,4,4,4,4,4,3,4,4,2,4,4,4,4,4,4,30-39 Yrs,1-3 Yrs,Trainee,MARKETING,Chennai,TRANSFORMER DIVISION,Male
18,4,4,4,5,5,2,3,3,4,4,2,4,4,4,4,5,5,5,5,4,5,4,2,5,4,4,4,5,30-39 Yrs,6-10 Yrs,Manager,MARKETING,Chennai,TRANSFORMER DIVISION,Male
19,3,1,5,4,4,3,3,1,5,4,5,5,5,5,4,4,4,4,5,3,2,2,5,1,4,4,5,3,30-39 Yrs,3-6 Yrs,Manager,LEGAL,Chennai,TRANSFORMER DIVISION,Male
20,3,3,4,4,3,2,1,1,4,4,4,4,3,4,3,4,4,4,2,1,4,4,4,4,4,1,2,4,30-39 Yrs,6-10 Yrs,Senior Management,LEGAL,Chennai,TRANSFORMER DIVISION,Male
21,4,4,4,4,4,4,4,3,4,4,4,5,4,4,5,4,5,5,4,4,4,4,4,5,4,4,5,4,30-39 Yrs,3-6 Yrs,Senior Management,PURCHASE,Chennai,SERVICE DIVISION,Male
22,4,4,5,3,4,2,3,2,4,4,3,3,3,4,3,4,4,4,2,2,4,4,4,3,3,2,3,5,30-39 Yrs,0-1 Yrs,Executive,SUPPLY CHAIN,Chennai,LOGISTICS DIVISION,Male
23,3,3,4,4,4,4,3,4,5,4,4,4,4,4,4,4,4,4,3,3,3,3,4,4,4,4,3,4,30-39 Yrs,1-3 Yrs,Senior Manager,QUALITY ASSURANCE,Chennai,TRANSFORMER DIVISION,Male
24,4,4,4,5,5,3,4,4,5,5,5,4,5,5,5,4,4,4,4,4,4,4,5,4,4,4,4,4,30-39 Yrs,0-1 Yrs,Senior Manager,SUPPLY CHAIN,Chennai,LOGISTICS DIVISION,Male
25,5,5,5,5,5,5,5,5,5,5,5,5,5,5,5,5,5,5,5,5,5,5,5,5,5,5,5,5,30-39 Yrs,1-3 Yrs,Trainee,PURCHASE,Chennai,SERVICE DIVISION,Male
26,4,4,4,4,5,2,4,4,4,4,4,4,4,4,4,4,4,4,4,4,4,4,4,4,5,4,2,5,30-39 Yrs,1-3 Yrs,Senior Manager,PRODUCTION,Chennai,TRANSFORMER DIVISION,Male
27,4,4,4,4,5,4,4,4,5,4,4,4,4,4,4,5,4,4,4,4,4,4,4,5,4,4,4,4,30-39 Yrs,3-6 Yrs,Executive,PURCHASE,Chennai,SERVICE DIVISION,Male
28,2,2,4,4,5,1,1,1,5,4,5,4,4,5,5,4,4,4,3,1,3,4,3,2,2,1,2,3,20-29 Yrs,6-10 Yrs,Senior Manager,PRODUCTION,Mumbai,TRANSFORMER DIVISION,Male
29,4,4,5,2,4,2,1,2,4,5,4,2,4,5,4,5,5,5,4,2,4,4,4,4,4,4,1,4,30-39 Yrs,3-6 Yrs,Senior Manager,PURCHASE,Chennai,SERVICE DIVISION,Male
30,3,3,4,4,5,2,3,3,5,4,5,4,4,4,4,3,3,4,3,1,2,3,3,3,3,3,3,4,30-39 Yrs,1-3 Yrs,Senior Manager,PRODUCTION,Chennai,TRANSFORMER DIVISION,Male
31,5,5,5,5,5,3,3,2,5,4,5,4,4,5,4,5,5,3,4,5,5,3,4,4,3,5,1,5,30-39 Yrs,10+ Yrs,Executive,PRODUCTION,Chennai,TRANSFORMER DIVISION,Male
32,4,4,4,4,4,2,4,3,5,3,4,3,2,5,3,5,5,2,3,2,4,1,5,2,4,3,2,3,40-49 Yrs,6-10 Yrs,Executive,PRODUCTION,Bangalore,TRANSFORMER DIVISION,Male
33,4,5,5,4,5,3,3,4,4,4,4,3,3,4,4,4,4,4,4,3,4,4,5,3,4,3,3,5,30-39 Yrs,0-1 Yrs,Senior Manager,PURCHASE,Chennai,SERVICE DIVISION,Male
34,4,4,4,1,5,4,2,4,3,4,1,2,2,2,3,4,4,4,3,1,5,3,2,3,4,1,2,5,30-39 Yrs,1-3 Yrs,Senior Manager,HR & ADMIN,Chennai,TRANSFORMER DIVISION,Male
35,3,4,4,4,4,3,4,3,5,4,4,3,4,4,4,4,4,4,4,3,3,2,4,2,4,4,4,3,30-39 Yrs,1-3 Yrs,Executive,PRODUCTION,Chennai,TRANSFORMER DIVISION,Male
36,4,4,4,4,4,1,1,5,5,4,4,4,4,5,4,5,5,5,4,5,5,4,2,4,2,4,2,5,30-39 Yrs,1-3 Yrs,Senior Manager,CRM,Chennai,FABRICATION DIVISION,Male
37,4,4,4,4,4,4,4,2,4,4,4,3,4,4,4,3,5,4,4,4,4,4,5,3,4,3,3,3,30-39 Yrs,0-1 Yrs,Senior Manager,HR & ADMIN,Chennai,TRANSFORMER DIVISION,Male
38,4,3,4,3,3,2,2,3,3,3,3,3,3,3,3,3,3,3,2,2,3,3,3,2,2,3,2,3,30-39 Yrs,6-10 Yrs,Executive,FINANACE,Chennai,TRANSFORMER DIVISION,Male
39,3,2,5,5,4,5,5,1,1,1,1,2,4,1,1,1,5,4,1,4,5,5,3,1,1,3,2,3,30-39 Yrs,1-3 Yrs,Senior Manager,QUALITY ASSURANCE,Chennai,TRANSFORMER DIVISION,Male
40,2,2,4,2,4,1,1,2,4,3,2,2,2,3,2,3,3,4,2,2,2,2,4,1,1,1,1,3,30-39 Yrs,10+ Yrs,Senior Manager,QUALITY ASSURANCE,Chennai,TRANSFORMER DIVISION,Male
41,2,1,4,2,5,1,1,1,3,3,3,3,2,4,2,4,2,2,3,1,1,4,4,1,1,1,1,2,30-39 Yrs,1-3 Yrs,Trainee,PRODUCTION,Chennai,TRANSFORMER DIVISION,Male
42,4,4,1,1,5,3,3,5,5,1,3,1,2,4,3,5,1,4,4,5,4,5,4,4,4,4,5,5,20-29 Yrs,3-6 Yrs,Senior Manager,ACCOUNTS,Mumbai,SWITCHGEAR DIVISION,Male
43,5,5,4,4,4,4,4,4,5,4,2,4,4,5,4,5,4,3,4,5,4,4,4,4,4,3,2,5,30-39 Yrs,1-3 Yrs,Trainee,CRM,Chennai,FABRICATION DIVISION,Male
44,2,3,4,4,5,1,1,1,4,2,2,2,2,4,1,5,3,4,2,2,5,4,4,4,2,1,1,4,30-39 Yrs,10+ Yrs,Executive,PRODUCTION,Chennai,TRANSFORMER DIVISION,Male
45,4,4,4,4,4,4,3,4,3,4,4,4,3,4,3,4,4,4,4,4,4,4,4,4,4,4,4,4,20-29 Yrs,0-1 Yrs,Trainee,PRODUCTION,Mumbai,TRANSFORMER DIVISION,Male
46,3,3,3,2,3,2,2,3,3,3,3,2,2,3,3,4,3,3,3,2,2,4,2,3,2,3,2,4,20-29 Yrs,10+ Yrs,Executive,PRODUCTION,Mumbai,TRANSFORMER DIVISION,Male
47,5,5,5,4,4,3,3,4,4,3,3,3,3,3,3,4,3,5,3,5,5,4,3,5,4,3,3,5,30-39 Yrs,1-3 Yrs,Manager,ACCOUNTS,Chennai,SWITCHGEAR DIVISION,Male
48,4,5,5,2,5,3,2,3,4,5,3,4,2,4,3,4,5,4,5,5,5,4,3,4,3,3,2,5,20-29 Yrs,3-6 Yrs,Senior Manager,ACCOUNTS,Mumbai,SWITCHGEAR DIVISION,Male
49,5,5,5,5,5,5,4,4,5,5,5,5,5,5,5,4,5,4,4,5,5,5,4,5,5,3,5,5,30-39 Yrs,0-1 Yrs,Senior Manager,ACCOUNTS,Chennai,SWITCHGEAR DIVISION,Male
50,4,4,4,4,4,4,3,4,5,5,5,4,4,5,5,4,4,4,4,4,4,4,4,4,4,3,4,4,30-39 Yrs,3-6 Yrs,Senior Manager,FINANACE,Chennai,TRANSFORMER DIVISION,Male
51,4,2,4,3,5,3,4,3,4,3,3,3,2,3,2,3,2,2,4,2,2,3,4,4,3,1,2,2,30-39 Yrs,3-6 Yrs,Executive,LEGAL,Chennai,TRANSFORMER DIVISION,Male
52,3,3,4,2,5,2,2,3,4,3,3,2,2,4,2,5,3,4,3,3,4,4,3,3,2,1,3,5,30-39 Yrs,3-6 Yrs,Senior Manager,ACCOUNTS,Chennai,SWITCHGEAR DIVISION,Male
53,3,3,4,4,4,2,3,3,4,3,3,3,3,3,4,4,4,4,3,3,3,3,4,4,4,3,3,3,30-39 Yrs,0-1 Yrs,Executive,OPERATIONS,Chennai,TRANSFORMER DIVISION,Male
54,4,4,4,4,4,3,3,4,5,4,4,5,4,4,5,4,5,4,4,5,4,4,3,4,4,4,4,5,30-39 Yrs,0-1 Yrs,Senior Manager,MARKETING,Chennai,TRANSFORMER DIVISION,Male
55,4,4,4,5,4,1,4,2,4,3,4,4,4,5,4,4,3,3,3,4,4,4,2,2,4,3,4,5,30-39 Yrs,0-1 Yrs,Senior Manager,MARKETING,Chennai,TRANSFORMER DIVISION,Male
56,3,3,4,2,3,2,3,2,4,3,3,2,2,4,3,4,4,4,4,2,4,4,4,3,4,1,4,4,30-39 Yrs,0-1 Yrs,Senior Management,MANAGEMENT,Chennai,TRANSFORMER DIVISION,Male
57,4,4,4,4,3,2,3,2,5,4,5,4,4,5,5,2,4,5,3,4,2,2,4,5,3,3,4,4,30-39 Yrs,0-1 Yrs,Senior Manager,MARKETING,Chennai,TRANSFORMER DIVISION,Male
58,4,4,5,5,5,1,1,1,4,4,4,3,3,4,4,4,4,5,4,4,5,5,4,3,3,4,2,3,30-39 Yrs,3-6 Yrs,Executive,QUALITY ASSURANCE,Chennai,TRANSFORMER DIVISION,Male
59,2,3,5,1,5,2,1,2,1,1,1,1,1,1,1,1,1,1,5,1,4,4,1,2,1,4,1,1,30-39 Yrs,6-10 Yrs,Manager,MARKETING,Chennai,TRANSFORMER DIVISION,Male
60,5,4,5,5,5,3,4,3,4,3,4,4,3,4,4,4,5,5,5,4,4,4,4,4,5,4,4,5,30-39 Yrs,3-6 Yrs,Manager,OPERATIONS,Chennai,TRANSFORMER DIVISION,Male
61,4,4,4,4,4,3,3,2,4,4,4,4,4,4,4,2,4,4,4,1,3,4,2,3,4,2,4,3,30-39 Yrs,10+ Yrs,Executive,FINANACE,Chennai,TRANSFORMER DIVISION,Male
62,5,5,4,4,5,3,3,4,5,4,4,4,4,5,4,4,4,4,4,4,4,4,4,4,4,3,4,5,40-49 Yrs,1-3 Yrs,Senior Manager,SUPPLY CHAIN,Bangalore,TRANSFORMER DIVISION,Male
63,4,4,4,4,4,4,4,4,4,4,4,4,4,4,3,4,4,4,4,4,4,4,4,3,4,3,4,5,30-39 Yrs,1-3 Yrs,Senior Manager,ACCOUNTS,Chennai,SWITCHGEAR DIVISION,Male
64,4,4,3,5,2,5,4,4,5,4,4,4,4,4,4,5,5,5,4,4,3,4,5,5,4,2,3,5,30-39 Yrs,1-3 Yrs,Senior Manager,QUALITY ASSURANCE,Chennai,TRANSFORMER DIVISION,Male
65,4,4,4,4,4,4,4,4,4,4,4,4,4,4,4,4,4,4,4,4,4,4,4,4,3,4,4,4,30-39 Yrs,1-3 Yrs,Executive,FINANACE,Chennai,TRANSFORMER DIVISION,Male
66,4,4,5,4,5,3,4,3,5,5,5,5,5,5,5,5,5,5,5,4,5,5,4,4,5,5,5,5,30-39 Yrs,1-3 Yrs,Senior Manager,PURCHASE,Chennai,SERVICE DIVISION,Male
67,3,3,2,3,4,2,2,2,4,4,4,4,4,4,4,3,4,4,3,2,5,4,4,2,3,4,3,3,30-39 Yrs,3-6 Yrs,Senior Manager,MARKETING,Chennai,TRANSFORMER DIVISION,Male
68,5,4,4,4,5,3,4,4,4,5,4,4,4,5,5,5,4,4,4,4,4,4,3,4,4,4,3,5,30-39 Yrs,3-6 Yrs,Senior Manager,PURCHASE,Chennai,SERVICE DIVISION,Male
69,4,4,4,4,4,4,4,5,4,4,3,4,4,3,3,4,4,4,4,3,4,4,4,3,5,4,3,3,30-39 Yrs,0-1 Yrs,Senior Manager,IT SERVICES,Chennai,TRANSFORMER DIVISION,Male
70,4,4,3,2,5,2,2,4,5,5,5,5,3,5,5,5,4,5,3,3,3,4,2,4,3,3,3,5,30-39 Yrs,3-6 Yrs,Trainee,ACCOUNTS,Chennai,SWITCHGEAR DIVISION,Male
71,5,5,5,3,3,2,2,4,5,5,5,5,4,4,5,4,3,4,4,3,1,5,4,5,3,1,3,3,30-39 Yrs,1-3 Yrs,Senior Manager,FINANACE,Chennai,TRANSFORMER DIVISION,Male
72,4,4,4,4,4,3,4,4,4,4,4,4,4,4,4,4,4,4,3,3,4,4,3,3,4,3,3,4,30-39 Yrs,0-1 Yrs,Senior Manager,SUPPLY CHAIN,Chennai,TRANSFORMER DIVISION,Male
73,3,3,1,1,3,1,1,1,1,3,1,1,1,4,3,3,1,1,1,1,1,1,1,3,1,1,1,1,30-39 Yrs,1-3 Yrs,Manager,IT SERVICES,Chennai,TRANSFORMER DIVISION,Male
74,4,5,4,3,2,4,4,4,2,4,2,3,4,4,4,2,4,4,4,4,4,4,3,5,3,4,2,3,30-39 Yrs,6-10 Yrs,Executive,PURCHASE,Chennai,SERVICE DIVISION,Male
75,5,5,4,4,4,3,3,4,4,4,4,4,4,4,4,4,4,4,5,4,5,4,4,4,4,4,4,4,30-39 Yrs,1-3 Yrs,Trainee,MARKETING,Chennai,TRANSFORMER DIVISION,Male
76,3,4,4,4,4,1,1,1,1,1,1,1,1,5,1,4,4,2,4,1,2,1,4,4,1,1,1,4,40-49 Yrs,10+ Yrs,Executive,QUALITY ASSURANCE,Bangalore,TRANSFORMER DIVISION,Male
77,4,5,5,5,5,3,2,4,4,4,4,4,5,5,4,5,4,4,4,4,5,4,4,5,5,3,4,5,20-29 Yrs,10+ Yrs,Manager,SUPPLY CHAIN,Mumbai,TRANSFORMER DIVISION,Male
78,3,3,4,4,4,3,3,3,4,4,4,4,4,4,3,4,4,4,4,4,3,4,4,2,4,4,3,4,30-39 Yrs,0-1 Yrs,Senior Manager,CRM,Chennai,FABRICATION DIVISION,Male
79,3,3,3,4,4,2,3,4,4,4,4,4,4,4,4,4,4,4,3,4,4,4,4,3,4,3,4,3,30-39 Yrs,1-3 Yrs,Senior Manager,CRM,Chennai,FABRICATION DIVISION,Male
80,4,2,4,4,4,3,4,3,5,4,4,4,4,5,4,5,4,3,4,4,4,4,3,3,4,3,4,5,30-39 Yrs,3-6 Yrs,Senior Manager,PURCHASE,Chennai,SERVICE DIVISION,Male
81,1,1,5,4,5,4,4,3,4,2,4,2,2,2,2,4,2,2,2,3,4,5,4,2,1,1,2,1,30-39 Yrs,0-1 Yrs,Senior Management,FINANACE,Chennai,TRANSFORMER DIVISION,Male
82,2,3,4,4,4,1,2,1,4,4,4,3,4,4,4,4,4,3,2,2,4,2,3,1,2,2,2,3,30-39 Yrs,3-6 Yrs,Executive,MARKETING,Chennai,TRANSFORMER DIVISION,Male
83,3,1,2,2,3,1,1,1,3,3,4,2,2,3,1,2,2,3,4,1,3,2,1,1,3,1,1,4,30-39 Yrs,1-3 Yrs,Senior Manager,MARKETING,Chennai,TRANSFORMER DIVISION,Male
84,5,5,5,4,5,5,5,4,5,5,5,4,5,4,5,5,4,4,4,4,4,4,4,4,4,4,3,5,40-49 Yrs,1-3 Yrs,Senior Manager,PRODUCTION,Bangalore,TRANSFORMER DIVISION,Male
85,4,4,5,4,5,3,2,4,4,4,5,5,5,5,5,5,4,5,3,4,4,5,4,5,4,4,3,5,20-29 Yrs,1-3 Yrs,Executive,PRODUCTION,Mumbai,TRANSFORMER DIVISION,Male
86,4,4,4,4,4,3,3,4,4,4,4,4,4,4,4,5,4,4,4,4,4,3,4,4,4,3,3,4,30-39 Yrs,10+ Yrs,Executive,PRODUCTION,Chennai,TRANSFORMER DIVISION,Male
87,4,5,5,4,5,1,4,5,5,5,5,5,5,5,5,5,5,5,5,4,4,4,4,4,2,3,3,5,30-39 Yrs,10+ Yrs,Senior Manager,PRODUCTION,Chennai,TRANSFORMER DIVISION,Male
88,3,3,5,5,5,2,2,2,5,5,5,5,3,5,4,4,5,4,4,3,4,4,4,3,2,2,3,3,30-39 Yrs,3-6 Yrs,Executive,PURCHASE,Chennai,SERVICE DIVISION,Male
89,2,4,4,4,5,2,1,2,2,2,2,1,1,2,2,2,3,2,2,1,2,2,1,4,1,1,2,2,30-39 Yrs,3-6 Yrs,Trainee,LEGAL,Chennai,TRANSFORMER DIVISION,Male
90,4,5,5,4,5,3,4,3,4,4,4,4,4,4,4,5,5,4,4,4,5,4,4,4,4,4,4,4,30-39 Yrs,3-6 Yrs,Executive,OPERATIONS,Chennai,TRANSFORMER DIVISION,Male
91,3,3,3,2,2,3,3,3,4,3,2,2,2,4,2,3,3,3,3,3,4,4,3,2,3,3,3,4,30-39 Yrs,3-6 Yrs,Senior Management,HR & ADMIN,Chennai,TRANSFORMER DIVISION,Male
92,4,3,4,4,4,1,1,1,4,2,4,1,3,5,3,3,4,4,5,1,4,5,3,3,1,1,1,4,40-49 Yrs,3-6 Yrs,Trainee,ACCOUNTS,Bangalore,SWITCHGEAR DIVISION,Male
93,3,3,4,4,5,1,1,1,2,3,2,1,2,3,3,2,3,3,4,1,3,4,3,3,2,1,3,3,30-39 Yrs,0-1 Yrs,Senior Manager,MARKETING,Chennai,TRANSFORMER DIVISION,Male
94,4,4,4,5,4,2,3,3,4,3,4,3,3,3,3,4,4,4,4,4,4,4,3,4,3,3,3,3,30-39 Yrs,0-1 Yrs,Senior Manager,IT SERVICES,Chennai,TRANSFORMER DIVISION,Male
95,4,4,4,4,4,3,3,1,4,4,4,3,3,4,4,5,4,4,4,2,4,4,4,2,2,2,3,3,30-39 Yrs,10+ Yrs,Senior Management,PRODUCTION,Chennai,TRANSFORMER DIVISION,Male
96,3,3,4,4,5,2,2,3,4,4,4,4,4,4,4,3,3,3,3,3,4,3,5,3,3,3,3,4,30-39 Yrs,10+ Yrs,Executive,PRODUCTION,Chennai,TRANSFORMER DIVISION,Male
97,5,5,5,5,5,5,4,5,5,5,5,5,5,5,5,5,5,5,5,5,5,5,5,5,5,5,4,5,30-39 Yrs,10+ Yrs,Senior Management,PRODUCTION,Chennai,TRANSFORMER DIVISION,Male
98,4,4,4,4,5,3,3,4,5,4,5,4,4,5,4,5,5,5,4,4,5,3,5,4,4,4,4,4,30-39 Yrs,3-6 Yrs,Senior Management,PRODUCTION,Chennai,TRANSFORMER DIVISION,Male
99,4,4,3,3,4,2,2,3,2,3,3,2,2,3,2,3,3,2,3,2,4,3,2,2,3,2,2,4,30-39 Yrs,10+ Yrs,Manager,MARKETING,Chennai,TRANSFORMER DIVISION,Male
100,5,5,4,5,5,2,5,3,5,4,5,3,4,3,5,5,5,3,4,5,5,5,4,3,5,3,3,3,30-39 Yrs,0-1 Yrs,Executive,ACCOUNTS,Chennai,SWITCHGEAR DIVISION,Male
101,3,3,4,3,4,1,2,1,4,4,3,3,3,4,2,4,3,4,4,1,3,4,2,2,2,3,3,4,30-39 Yrs,6-10 Yrs,Manager,HR & ADMIN,Chennai,TRANSFORMER DIVISION,Male
102,3,3,4,3,5,1,1,2,4,4,3,2,4,4,3,4,4,4,3,3,4,4,3,3,2,3,3,4,30-39 Yrs,0-1 Yrs,Manager,HR & ADMIN,Chennai,TRANSFORMER DIVISION,Male
103,5,4,4,5,5,2,3,2,5,4,4,3,4,5,3,5,4,4,4,1,4,4,3,3,3,2,2,5,30-39 Yrs,1-3 Yrs,Senior Manager,CRM,Chennai,FABRICATION DIVISION,Male
104,3,3,4,4,4,2,2,2,4,4,4,3,4,4,3,4,4,4,4,4,4,4,2,3,4,2,4,4,20-29 Yrs,3-6 Yrs,Senior Manager,LEGAL,Mumbai,TRANSFORMER DIVISION,Male
105,5,5,5,5,5,4,4,5,4,4,5,5,5,5,5,5,5,4,5,4,4,5,5,4,5,5,5,5,30-39 Yrs,0-1 Yrs,Trainee,QUALITY ASSURANCE,Chennai,TRANSFORMER DIVISION,Male
106,3,4,3,1,4,2,2,2,4,2,2,3,1,4,2,5,3,2,4,4,3,4,4,4,1,1,3,5,30-39 Yrs,1-3 Yrs,Senior Manager,HR & ADMIN,Chennai,TRANSFORMER DIVISION,Male
107,5,5,5,5,5,4,4,4,5,5,5,5,5,5,5,5,5,5,5,5,5,4,4,4,5,5,4,5,20-29 Yrs,10+ Yrs,Senior Management,PRODUCTION,Mumbai,TRANSFORMER DIVISION,Male
108,3,4,4,5,4,1,1,2,5,4,5,4,4,4,4,4,4,4,3,4,4,4,3,4,4,3,3,3,30-39 Yrs,3-6 Yrs,Manager,HR & ADMIN,Chennai,TRANSFORMER DIVISION,Male
109,4,4,4,3,5,2,2,2,1,1,1,1,1,1,1,5,1,1,4,2,5,5,4,4,4,1,2,4,30-39 Yrs,3-6 Yrs,Executive,ACCOUNTS,Chennai,SWITCHGEAR DIVISION,Male
110,4,4,4,4,4,3,3,3,4,4,4,4,4,4,4,4,4,4,4,3,4,3,4,3,4,4,3,4,30-39 Yrs,10+ Yrs,Senior Management,MARKETING,Chennai,TRANSFORMER DIVISION,Male
111,1,2,4,2,1,1,1,1,5,4,4,1,5,4,4,4,4,4,4,1,2,3,4,2,1,2,2,4,20-29 Yrs,10+ Yrs,Executive,PRODUCTION,Mumbai,TRANSFORMER DIVISION,Male
112,3,3,4,4,4,2,2,2,5,5,4,4,4,4,5,4,4,4,3,3,4,4,3,3,3,3,3,3,20-29 Yrs,6-10 Yrs,Executive,PRODUCTION,Mumbai,TRANSFORMER DIVISION,Male
113,4,4,4,4,4,4,4,4,4,4,4,4,4,4,4,4,4,4,4,4,4,4,4,4,4,4,3,4,30-39 Yrs,0-1 Yrs,Senior Manager,FINANACE,Chennai,TRANSFORMER DIVISION,Male
114,4,5,4,5,4,3,5,3,2,3,4,3,3,3,3,5,5,5,4,3,3,4,2,5,4,2,5,5,30-39 Yrs,10+ Yrs,Manager,LEGAL,Chennai,TRANSFORMER DIVISION,Male
115,3,3,4,4,5,1,1,3,3,3,3,3,3,3,4,3,3,3,2,3,4,5,3,3,3,1,3,4,30-39 Yrs,0-1 Yrs,Manager,FINANACE,Chennai,TRANSFORMER DIVISION,Male
116,5,5,5,5,5,4,3,5,5,5,5,5,5,5,5,5,5,5,5,1,5,3,5,3,5,3,4,5,30-39 Yrs,3-6 Yrs,Manager,FINANACE,Chennai,TRANSFORMER DIVISION,Female
117,3,3,4,4,4,2,2,2,5,4,5,4,4,4,4,4,4,4,3,3,3,4,3,3,3,2,3,4,30-39 Yrs,1-3 Yrs,Senior Manager,IT SERVICES,Chennai,TRANSFORMER DIVISION,Female
118,2,3,5,5,5,1,1,2,4,5,5,4,4,4,4,4,4,4,4,2,4,4,3,1,4,1,3,3,30-39 Yrs,6-10 Yrs,Senior Manager,PRODUCTION,Chennai,TRANSFORMER DIVISION,Female
119,3,4,4,3,3,3,3,3,4,4,4,4,3,4,3,3,3,3,3,4,4,4,3,3,4,3,3,4,30-39 Yrs,0-1 Yrs,Senior Manager,SUPPLY CHAIN,Chennai,TRANSFORMER DIVISION,Female
120,4,5,5,5,4,5,5,3,5,5,5,4,5,5,5,5,5,5,5,4,4,4,5,5,4,4,5,4,30-39 Yrs,1-3 Yrs,Trainee,FINANACE,Chennai,TRANSFORMER DIVISION,Female
121,3,3,4,4,4,3,3,2,2,3,1,3,3,2,2,4,4,4,4,3,3,2,2,4,3,4,3,3,30-39 Yrs,3-6 Yrs,Trainee,QUALITY ASSURANCE,Chennai,TRANSFORMER DIVISION,Female
122,4,4,4,4,4,2,1,4,1,2,4,1,4,5,2,4,5,1,4,2,4,4,4,4,4,4,1,4,20-29 Yrs,3-6 Yrs,Senior Manager,ACCOUNTS,Mumbai,SWITCHGEAR DIVISION,Female
123,5,5,5,4,5,5,4,3,3,3,4,3,4,4,3,5,5,5,5,5,5,5,5,4,4,4,4,5,20-29 Yrs,10+ Yrs,Senior Management,LEGAL,Mumbai,TRANSFORMER DIVISION,Female
124,3,5,5,4,4,2,1,3,2,4,3,3,3,4,4,4,4,4,3,4,4,3,4,4,3,2,3,4,20-29 Yrs,1-3 Yrs,Senior Manager,QUALITY ASSURANCE,Mumbai,TRANSFORMER DIVISION,Female
125,4,4,4,5,4,3,3,3,5,4,4,4,4,4,3,3,3,3,3,4,4,3,3,4,4,3,4,3,30-39 Yrs,0-1 Yrs,Executive,MARKETING,Chennai,TRANSFORMER DIVISION,Female
126,3,3,4,3,4,2,2,3,3,3,4,3,3,4,3,3,3,3,3,3,3,3,4,3,3,3,3,3,30-39 Yrs,3-6 Yrs,Senior Manager,PURCHASE,Chennai,SERVICE DIVISION,Female
127,5,4,3,4,4,4,4,5,4,4,4,4,4,4,5,4,4,4,4,4,5,4,4,5,4,4,4,5,30-39 Yrs,0-1 Yrs,Trainee,QUALITY ASSURANCE,Chennai,TRANSFORMER DIVISION,Female
128,3,3,3,3,3,3,3,3,3,3,3,4,4,4,3,3,3,3,3,2,3,3,3,4,3,3,3,3,30-39 Yrs,3-6 Yrs,Senior Manager,PURCHASE,Chennai,SERVICE DIVISION,Female
129,4,1,4,4,4,1,4,1,5,2,1,2,4,4,1,4,4,4,1,1,5,4,2,4,1,1,4,5,30-39 Yrs,1-3 Yrs,Senior Manager,QUALITY ASSURANCE,Chennai,TRANSFORMER DIVISION,Female
130,2,2,1,3,3,3,3,3,4,5,5,3,3,4,2,2,5,1,1,3,3,1,5,1,1,3,2,3,30-39 Yrs,0-1 Yrs,Executive,IT SERVICES,Chennai,TRANSFORMER DIVISION,Female
131,5,5,5,5,5,5,5,5,5,5,5,5,5,5,5,5,5,5,5,5,5,5,4,5,5,5,5,5,30-39 Yrs,1-3 Yrs,Senior Manager,MARKETING,Chennai,TRANSFORMER DIVISION,Female
132,2,3,5,1,3,1,1,4,2,1,1,1,1,1,1,3,4,4,4,4,2,3,4,4,2,1,1,1,30-39 Yrs,3-6 Yrs,Manager,MARKETING,Chennai,TRANSFORMER DIVISION,Female
133,3,4,4,1,4,1,1,1,4,1,3,1,1,2,1,4,4,3,3,1,3,4,1,2,1,1,3,4,30-39 Yrs,10+ Yrs,Executive,IT SERVICES,Chennai,TRANSFORMER DIVISION,Female
134,2,2,4,1,5,1,3,2,3,3,2,3,3,4,2,4,4,4,2,3,2,3,1,1,2,1,1,1,30-39 Yrs,3-6 Yrs,Executive,IT SERVICES,Chennai,TRANSFORMER DIVISION,Female
135,4,4,3,2,3,3,3,1,4,3,4,3,4,4,4,4,4,4,2,2,2,3,3,1,4,3,4,3,40-49 Yrs,10+ Yrs,Senior Management,PRODUCTION,Bangalore,TRANSFORMER DIVISION,Female
136,4,3,5,4,4,1,1,2,4,1,3,4,4,4,2,5,4,4,2,2,4,3,4,4,2,4,3,5,30-39 Yrs,10+ Yrs,Executive,IT SERVICES,Chennai,TRANSFORMER DIVISION,Female
137,5,5,4,3,4,1,2,2,2,4,3,3,3,4,3,4,4,3,4,4,4,4,3,4,4,3,4,4,30-39 Yrs,0-1 Yrs,Trainee,MARKETING,Chennai,TRANSFORMER DIVISION,Female
138,2,1,5,4,4,1,5,1,5,2,3,1,3,4,3,4,3,4,1,1,2,4,1,1,1,1,1,4,30-39 Yrs,6-10 Yrs,Senior Manager,IT SERVICES,Chennai,TRANSFORMER DIVISION,Female
139,3,3,5,1,4,1,1,2,4,3,4,1,3,3,3,5,5,4,1,1,3,2,3,3,2,1,1,4,30-39 Yrs,10+ Yrs,Manager,IT SERVICES,Chennai,TRANSFORMER DIVISION,Female
140,4,4,4,4,4,4,3,4,5,5,5,4,4,5,5,4,4,4,4,5,4,5,4,4,4,4,4,5,30-39 Yrs,1-3 Yrs,Senior Manager,MARKETING,Chennai,TRANSFORMER DIVISION,Female
141,3,4,4,5,4,1,1,1,4,4,4,4,4,5,4,2,5,4,4,4,4,4,2,2,4,4,4,4,30-39 Yrs,1-3 Yrs,Trainee,MARKETING,Chennai,TRANSFORMER DIVISION,Female
142,5,5,5,5,5,5,5,5,5,4,5,5,5,4,5,5,5,5,5,5,5,5,4,5,5,4,5,5,30-39 Yrs,0-1 Yrs,Trainee,QUALITY ASSURANCE,Chennai,TRANSFORMER DIVISION,Female
143,2,1,4,4,3,3,3,4,4,4,4,4,4,4,4,3,3,3,3,4,3,3,4,4,3,3,3,4,30-39 Yrs,0-1 Yrs,Senior Manager,IT SERVICES,Chennai,TRANSFORMER DIVISION,Female
144,3,3,3,4,3,3,4,3,4,4,3,3,3,4,3,4,3,3,2,2,3,4,3,3,3,3,3,4,20-29 Yrs,10+ Yrs,Executive,QUALITY ASSURANCE,Mumbai,TRANSFORMER DIVISION,Female
145,4,3,4,5,5,2,3,3,5,4,4,4,4,5,4,4,4,4,4,3,3,4,4,4,3,4,3,4,30-39 Yrs,1-3 Yrs,Senior Manager,QUALITY ASSURANCE,Chennai,TRANSFORMER DIVISION,Female
146,3,4,4,4,5,1,1,2,4,4,5,4,4,5,4,5,4,2,4,2,4,3,4,3,3,4,1,4,20-29 Yrs,10+ Yrs,Manager,PRODUCTION,Mumbai,TRANSFORMER DIVISION,Female
147,4,2,4,4,4,3,3,3,4,5,5,4,4,5,5,4,4,4,4,3,4,4,4,5,4,4,4,4,30-39 Yrs,10+ Yrs,Executive,QUALITY ASSURANCE,Chennai,TRANSFORMER DIVISION,Female
148,4,2,4,5,4,4,3,4,5,5,4,4,4,5,5,5,4,5,3,4,4,5,5,4,5,2,5,5,30-39 Yrs,1-3 Yrs,Senior Manager,QUALITY ASSURANCE,Chennai,TRANSFORMER DIVISION,Female
149,5,5,5,5,4,5,5,4,5,5,5,5,5,5,5,5,5,5,5,5,5,5,5,5,5,4,5,5,30-39 Yrs,0-1 Yrs,Executive,QUALITY ASSURANCE,Chennai,TRANSFORMER DIVISION,Female
150,4,4,3,3,3,3,3,2,5,4,5,4,3,4,5,4,5,4,4,2,4,2,3,3,3,3,3,5,30-39 Yrs,1-3 Yrs,Senior Manager,PURCHASE,Chennai,SERVICE DIVISION,Female
151,4,3,4,5,4,5,4,4,5,4,4,4,4,4,4,5,4,4,4,5,4,4,2,4,5,4,4,4,30-39 Yrs,0-1 Yrs,Trainee,ACCOUNTS,Chennai,SWITCHGEAR DIVISION,Female
152,2,3,3,4,3,1,1,2,3,2,2,3,3,3,3,2,3,2,4,3,4,2,3,2,2,1,2,4,30-39 Yrs,6-10 Yrs,Senior Manager,IT SERVICES,Chennai,TRANSFORMER DIVISION,Female
153,5,5,5,5,5,4,5,5,5,5,5,4,4,5,5,5,5,5,4,5,4,4,4,5,5,4,4,5,30-39 Yrs,1-3 Yrs,Senior Manager,CRM,Chennai,FABRICATION DIVISION,Female
154,4,4,4,5,5,4,5,3,4,4,4,3,5,5,4,4,4,4,5,3,3,4,4,4,4,4,3,3,30-39 Yrs,3-6 Yrs,Executive,PURCHASE,Chennai,SERVICE DIVISION,Female
155,4,4,4,4,4,4,4,4,5,4,5,4,4,5,5,4,4,4,4,4,4,4,5,4,4,4,4,4,40-49 Yrs,0-1 Yrs,Trainee,PRODUCTION,Bangalore,TRANSFORMER DIVISION,Female
156,3,4,4,4,3,1,1,4,5,3,5,3,3,5,5,5,4,4,5,1,2,4,4,5,5,4,1,3,20-29 Yrs,10+ Yrs,Executive,PRODUCTION,Mumbai,TRANSFORMER DIVISION,Female
157,4,4,5,2,4,1,1,3,4,4,5,3,2,5,3,3,4,5,5,2,4,3,4,2,5,2,1,4,30-39 Yrs,0-1 Yrs,Trainee,IT SERVICES,Chennai,TRANSFORMER DIVISION,Female
158,3,4,4,4,3,1,2,2,2,4,2,3,3,3,2,4,3,3,2,1,3,3,4,4,3,2,2,3,30-39 Yrs,0-1 Yrs,Manager,IT SERVICES,Chennai,TRANSFORMER DIVISION,Female
159,4,3,4,3,4,2,2,2,4,4,3,2,2,4,3,5,4,2,4,1,4,4,2,2,2,2,1,2,30-39 Yrs,10+ Yrs,Executive,PRODUCTION,Chennai,TRANSFORMER DIVISION,Female
160,4,5,4,4,5,4,1,2,4,4,4,4,4,4,1,4,4,4,4,2,4,4,2,5,4,2,4,4,30-39 Yrs,1-3 Yrs,Senior Manager,SUPPLY CHAIN,Chennai,TRANSFORMER DIVISION,Female
161,4,4,5,4,4,1,1,1,4,4,4,2,4,3,1,5,4,3,5,2,2,4,2,2,1,2,1,2,30-39 Yrs,10+ Yrs,Executive,PRODUCTION,Chennai,TRANSFORMER DIVISION,Female
162,4,4,4,4,4,2,2,2,5,4,4,4,4,4,5,4,4,4,4,2,4,3,4,4,4,4,3,3,20-29 Yrs,10+ Yrs,Senior Manager,PRODUCTION,Mumbai,TRANSFORMER DIVISION,Female
163,4,4,5,5,5,3,2,2,5,4,4,4,4,4,5,4,5,4,4,4,4,4,4,5,4,3,4,4,30-39 Yrs,1-3 Yrs,Senior Manager,IT SERVICES,Chennai,TRANSFORMER DIVISION,Female
164,5,3,4,3,5,3,3,3,5,4,4,4,3,4,4,4,5,5,3,3,3,3,4,3,5,3,3,4,30-39 Yrs,0-1 Yrs,Manager,IT SERVICES,Chennai,TRANSFORMER DIVISION,Female
165,4,4,4,5,4,4,4,4,4,4,3,3,4,4,4,4,5,5,4,3,4,4,4,4,4,5,3,3,20-29 Yrs,0-1 Yrs,Senior Manager,MARKETING,Mumbai,TRANSFORMER DIVISION,Female
166,3,1,4,4,5,1,1,1,1,1,1,1,1,1,1,4,3,3,2,1,4,4,4,3,1,3,1,3,30-39 Yrs,10+ Yrs,Executive,SUPPLY CHAIN,Chennai,TRANSFORMER DIVISION,Female
167,4,3,4,3,3,4,4,2,4,4,4,4,4,4,4,4,4,4,2,3,3,4,3,4,4,3,3,3,30-39 Yrs,10+ Yrs,Senior Management,MARKETING,Chennai,TRANSFORMER DIVISION,Female
168,4,4,5,4,5,1,5,3,4,4,4,4,3,3,4,5,3,5,5,4,4,5,4,4,3,4,2,4,30-39 Yrs,10+ Yrs,Executive,QUALITY ASSURANCE,Chennai,TRANSFORMER DIVISION,Female
169,3,2,4,4,5,4,3,1,5,5,5,2,3,5,2,2,4,4,4,2,2,2,4,2,2,2,1,2,30-39 Yrs,6-10 Yrs,Executive,IT SERVICES,Chennai,TRANSFORMER DIVISION,Female
170,4,5,5,1,5,5,5,4,2,1,5,1,3,5,3,5,5,5,4,1,4,5,4,4,2,3,1,5,30-39 Yrs,10+ Yrs,Executive,IT SERVICES,Chennai,TRANSFORMER DIVISION,Female
171,4,4,4,4,4,4,4,4,4,4,4,4,4,4,4,4,4,4,4,4,4,4,4,4,4,4,4,4,30-39 Yrs,1-3 Yrs,Senior Manager,IT SERVICES,Chennai,TRANSFORMER DIVISION,Female
172,4,4,4,4,5,1,1,1,5,4,5,5,1,5,4,4,4,4,4,1,4,4,1,2,1,2,1,5,40-49 Yrs,0-1 Yrs,Senior Manager,PRODUCTION,Bangalore,TRANSFORMER DIVISION,Female
173,5,5,4,4,5,2,1,1,4,4,4,4,3,4,3,4,4,4,3,3,4,2,3,3,3,4,3,5,20-29 Yrs,3-6 Yrs,Executive,PRODUCTION,Mumbai,TRANSFORMER DIVISION,Female
174,4,4,4,2,5,2,2,4,5,5,5,5,4,5,5,4,4,5,4,3,4,4,4,5,4,4,4,4,30-39 Yrs,3-6 Yrs,Manager,QUALITY ASSURANCE,Chennai,TRANSFORMER DIVISION,Female
175,3,4,4,4,3,3,2,3,4,4,4,4,2,4,4,4,4,4,3,1,3,2,4,3,2,3,2,4,20-29 Yrs,1-3 Yrs,Senior Manager,PRODUCTION,Mumbai,TRANSFORMER DIVISION,Female
176,4,4,4,4,4,3,4,3,4,4,4,4,4,4,5,4,4,4,4,4,3,4,4,4,4,3,3,4,30-39 Yrs,1-3 Yrs,Senior Manager,QUALITY ASSURANCE,Chennai,TRANSFORMER DIVISION,Female
177,5,4,4,4,4,1,2,1,4,4,4,4,4,4,3,4,4,4,4,4,4,2,4,4,4,2,4,4,30-39 Yrs,1-3 Yrs,Senior Manager,QUALITY ASSURANCE,Chennai,TRANSFORMER DIVISION,Female
178,4,5,4,4,4,4,4,4,4,4,4,4,4,4,4,4,4,4,4,5,4,4,4,4,4,4,4,4,30-39 Yrs,0-1 Yrs,Trainee,QUALITY ASSURANCE,Chennai,TRANSFORMER DIVISION,Female
179,5,5,4,5,4,3,4,3,5,4,5,4,4,5,4,4,4,5,4,4,4,5,4,4,5,4,4,4,30-39 Yrs,10+ Yrs,Senior Management,HR & ADMIN,Chennai,TRANSFORMER DIVISION,Female
180,5,5,4,4,4,3,3,3,5,5,4,5,5,5,5,5,4,4,4,4,4,4,4,4,4,3,4,4,30-39 Yrs,10+ Yrs,Executive,FINANACE,Chennai,TRANSFORMER DIVISION,Female
181,4,4,4,5,4,1,1,4,4,4,4,4,4,4,4,4,4,4,4,3,4,4,3,4,4,4,3,5,30-39 Yrs,6-10 Yrs,Manager,CRM,Chennai,FABRICATION DIVISION,Female
182,4,4,5,4,4,1,2,2,5,4,4,4,4,4,3,4,4,4,4,4,4,4,4,3,3,4,3,4,30-39 Yrs,3-6 Yrs,Senior Manager,CRM,Chennai,FABRICATION DIVISION,Female
183,4,4,3,3,4,2,2,2,5,3,3,3,4,4,4,3,4,3,4,2,4,4,3,2,4,4,3,4,20-29 Yrs,3-6 Yrs,Senior Management,ACCOUNTS,Mumbai,SWITCHGEAR DIVISION,Female
184,4,5,5,5,5,4,4,5,5,5,5,5,5,5,5,5,5,5,4,4,5,5,4,4,5,5,5,5,30-39 Yrs,0-1 Yrs,Senior Manager,PURCHASE,Chennai,SERVICE DIVISION,Female
185,4,4,5,4,5,1,1,2,3,4,3,2,3,4,1,4,4,4,4,3,5,4,4,4,2,2,2,5,30-39 Yrs,10+ Yrs,Executive,CRM,Chennai,FABRICATION DIVISION,Female
186,5,5,5,5,5,4,5,4,5,5,5,4,5,5,5,4,4,5,5,5,5,4,5,5,5,5,4,5,30-39 Yrs,1-3 Yrs,Executive,SUPPLY CHAIN,Chennai,LOGISTICS DIVISION,Female
187,5,5,5,4,4,5,4,4,5,5,4,4,5,5,5,4,5,5,5,4,4,5,4,5,4,4,4,5,30-39 Yrs,3-6 Yrs,Senior Manager,PURCHASE,Chennai,SERVICE DIVISION,Female
188,4,4,4,4,4,3,4,3,5,5,5,5,5,5,5,4,4,4,4,3,4,4,4,4,4,3,3,4,30-39 Yrs,3-6 Yrs,Senior Manager,MARKETING,Chennai,TRANSFORMER DIVISION,Female
189,4,4,5,4,4,3,4,4,4,4,3,4,4,4,3,4,4,4,4,4,4,4,4,4,4,5,4,5,30-39 Yrs,1-3 Yrs,Senior Manager,QUALITY ASSURANCE,Chennai,TRANSFORMER DIVISION,Male
190,5,5,4,5,5,4,3,5,5,5,5,5,5,5,5,5,4,4,4,4,4,5,4,5,4,5,4,5,30-39 Yrs,1-3 Yrs,Senior Manager,FINANACE,Chennai,TRANSFORMER DIVISION,Male
191,4,5,4,3,4,3,3,4,5,5,4,5,5,5,5,5,5,5,4,1,3,3,4,3,3,4,1,5,30-39 Yrs,0-1 Yrs,Trainee,PRODUCTION,Chennai,TRANSFORMER DIVISION,Male
192,1,2,4,2,4,1,1,1,2,3,2,3,3,3,1,4,1,3,4,1,2,1,3,2,3,1,1,3,30-39 Yrs,10+ Yrs,Senior Management,IT SERVICES,Chennai,TRANSFORMER DIVISION,Male
193,5,5,5,5,5,4,4,4,5,5,5,5,5,5,5,5,5,5,5,5,4,5,5,4,5,5,5,5,30-39 Yrs,1-3 Yrs,Senior Management,MANAGEMENT,Chennai,TRANSFORMER DIVISION,Male
194,4,4,4,3,5,4,4,4,3,4,3,3,3,3,3,5,4,4,4,4,4,5,4,4,4,3,3,5,40-49 Yrs,10+ Yrs,Manager,LEGAL,Bangalore,TRANSFORMER DIVISION,Male
195,3,3,5,2,5,3,3,4,2,3,3,1,2,1,2,5,4,4,5,2,2,4,4,3,4,2,3,4,30-39 Yrs,10+ Yrs,Manager,IT SERVICES,Chennai,TRANSFORMER DIVISION,Male
196,4,5,5,4,5,4,4,5,5,4,4,4,4,4,5,4,4,4,3,4,4,5,4,4,4,4,5,5,30-39 Yrs,0-1 Yrs,Senior Manager,FINANACE,Chennai,TRANSFORMER DIVISION,Male
197,4,4,4,3,4,3,4,4,4,3,4,3,3,3,4,3,4,3,4,4,3,3,4,4,4,4,2,3,30-39 Yrs,1-3 Yrs,Senior Manager,IT SERVICES,Chennai,TRANSFORMER DIVISION,Male
198,5,5,5,4,5,3,4,4,5,5,5,5,5,5,5,3,4,4,4,4,4,4,4,4,4,3,4,4,30-39 Yrs,3-6 Yrs,Senior Manager,PRODUCTION,Chennai,TRANSFORMER DIVISION,Male
199,3,4,4,3,5,2,2,3,4,4,4,4,3,3,3,3,4,3,3,1,1,3,4,3,2,2,3,3,30-39 Yrs,6-10 Yrs,Senior Manager,PRODUCTION,Chennai,TRANSFORMER DIVISION,Male
200,4,4,2,4,5,2,4,5,4,4,3,3,2,4,5,5,5,4,4,4,4,3,1,4,2,4,1,5,30-39 Yrs,1-3 Yrs,Senior Manager,ACCOUNTS,Chennai,SWITCHGEAR DIVISION,Male
201,5,5,5,5,5,4,4,4,4,5,5,5,5,5,5,5,5,5,5,5,5,5,5,5,5,4,5,5,30-39 Yrs,3-6 Yrs,Senior Manager,SUPPLY CHAIN,Chennai,TRANSFORMER DIVISION,Male
202,4,4,4,4,1,4,4,4,1,4,4,4,4,4,1,4,4,4,4,4,4,4,4,1,4,4,3,4,30-39 Yrs,0-1 Yrs,Senior Manager,CRM,Chennai,FABRICATION DIVISION,Male
203,5,4,3,4,4,4,4,4,4,4,4,3,3,4,4,5,3,4,4,2,4,3,2,4,4,3,2,5,30-39 Yrs,10+ Yrs,Executive,IT SERVICES,Chennai,TRANSFORMER DIVISION,Male
204,3,4,4,3,4,1,2,3,4,4,4,4,4,4,4,3,4,4,3,2,3,3,3,3,4,3,2,4,30-39 Yrs,3-6 Yrs,Senior Manager,CRM,Chennai,FABRICATION DIVISION,Male
205,5,5,5,5,5,4,4,4,5,5,5,5,5,5,5,5,4,3,3,4,5,5,2,2,4,5,4,5,30-39 Yrs,3-6 Yrs,Executive,MARKETING,Chennai,TRANSFORMER DIVISION,Male
206,5,5,5,4,5,4,4,5,5,5,4,4,5,5,5,4,5,5,4,4,4,4,4,5,5,4,4,5,30-39 Yrs,6-10 Yrs,Senior Manager,LEGAL,Chennai,TRANSFORMER DIVISION,Male
207,4,4,4,4,5,3,4,2,4,4,4,4,4,3,3,4,4,4,4,4,4,4,2,3,4,2,3,4,30-39 Yrs,3-6 Yrs,Manager,FINANACE,Chennai,TRANSFORMER DIVISION,Male
208,4,4,5,4,5,2,1,5,4,4,4,4,4,4,4,4,4,4,5,4,4,4,4,4,4,4,3,5,30-39 Yrs,1-3 Yrs,Senior Manager,QUALITY ASSURANCE,Chennai,TRANSFORMER DIVISION,Male
209,4,4,5,4,4,2,2,4,4,4,4,3,4,4,4,4,4,3,4,2,4,4,4,4,4,4,3,4,20-29 Yrs,10+ Yrs,Executive,PRODUCTION,Mumbai,TRANSFORMER DIVISION,Male
210,5,5,5,5,5,4,4,5,5,4,4,4,4,5,4,5,5,5,5,5,5,5,5,5,4,5,5,5,30-39 Yrs,6-10 Yrs,Executive,PURCHASE,Chennai,SERVICE DIVISION,Male
211,4,4,5,4,5,2,2,2,4,4,4,2,4,4,4,5,4,5,4,2,5,4,4,4,2,2,2,2,30-39 Yrs,10+ Yrs,Senior Management,SUPPLY CHAIN,Chennai,TRANSFORMER DIVISION,Male
212,4,4,4,5,5,5,4,4,5,5,5,5,5,5,5,5,4,4,4,4,5,4,5,5,5,4,4,4,20-29 Yrs,0-1 Yrs,Trainee,FINANACE,Mumbai,TRANSFORMER DIVISION,Male
213,4,4,5,4,5,3,4,3,4,4,4,4,4,5,5,5,4,4,4,4,5,5,5,4,4,3,5,4,30-39 Yrs,0-1 Yrs,Senior Management,IT SERVICES,Chennai,TRANSFORMER DIVISION,Male
214,3,5,5,5,5,1,1,3,4,5,4,2,5,4,3,4,5,4,5,3,4,5,5,5,5,4,1,5,30-39 Yrs,10+ Yrs,Manager,SUPPLY CHAIN,Chennai,TRANSFORMER DIVISION,Male
215,2,4,5,4,5,1,1,3,4,4,4,4,4,3,4,2,4,4,4,1,2,2,4,4,2,4,2,1,30-39 Yrs,1-3 Yrs,Trainee,IT SERVICES,Chennai,TRANSFORMER DIVISION,Male
216,1,1,4,1,3,1,1,1,5,5,4,5,5,5,5,1,1,1,3,1,1,1,3,1,1,1,1,1,30-39 Yrs,1-3 Yrs,Trainee,IT SERVICES,Chennai,TRANSFORMER DIVISION,Male
217,3,4,4,3,4,2,2,1,4,4,3,3,3,4,2,4,4,4,4,2,3,4,3,3,4,2,1,4,30-39 Yrs,10+ Yrs,Executive,PRODUCTION,Chennai,TRANSFORMER DIVISION,Male
218,4,4,4,4,5,3,2,2,4,4,3,3,2,4,3,4,4,3,4,2,4,4,3,4,3,2,4,4,30-39 Yrs,10+ Yrs,Senior Management,MARKETING,Chennai,TRANSFORMER DIVISION,Male
219,4,4,4,4,4,4,4,4,4,4,4,4,4,4,4,4,4,4,4,4,4,4,2,4,4,4,4,4,30-39 Yrs,10+ Yrs,Manager,SUPPLY CHAIN,Chennai,TRANSFORMER DIVISION,Male
